"COSERID"	"Village"	"Province"	"Nombre"	"longitude"	"latitude"
103	"El Burgo"	"Alava"	"El Burgo, Alava, España"	"-2.5452497"	"42.8496919"
106	"Leza "	"Alava"	"Leza , Alava, España"	"-2.6331952"	"42.5655215"
107	"Luzuriaga "	"Alava"	"Luzuriaga , Alava, España"	"-2.3935066"	"42.8858453"
109	"Menagaray"	"Alava"	"Menagaray, Alava, España"	"-3.0735861"	"43.0957124"
204	"Barrax"	"Albacete"	"Barrax, Albacete, España"	"-2.2014625"	"39.0445824"
211	"Higueruela"	"Albacete"	"Higueruela, Albacete, España"	"-1.4422609"	"38.9618433"
214	"Lietor"	"Albacete"	"Lietor, Albacete, España"	"-1.9532994"	"38.54165450000001"
222	"Povedilla"	"Albacete"	"Povedilla, Albacete, España"	"-2.6034236"	"38.7007435"
303	"Benimarfull"	"Alicante"	"Benimarfull, Alicante, España"	"-0.3919059"	"38.7760788"
304	"Busot "	"Alicante"	"Busot , Alicante, España"	"-0.4178201"	"38.4835931"
306	"El Mojón"	"Alicante"	"El Mojón, Alicante, España"	"-0.7656084999999999"	"37.8462913"
310	"Salinas"	"Alicante"	"Salinas, Alicante, España"	"-0.9116263000000001"	"38.5195565"
403	"Aulago (Gérgal) "	"Almería "	"Aulago (Gérgal) , Almería , España"	"-2.6260607"	"37.1608418"
404	"Bacares"	"Almeria"	"Bacares, Almeria, España"	"-2.4534614"	"37.260773"
418	"Lucainena de las Torres  "	"Almería "	"Lucainena de las Torres  , Almería , España"	"-2.201005"	"37.0407929"
425	"Terque  "	"Almería "	"Terque  , Almería , España"	"-2.5916443"	"36.9554833"
506	"Alea – Linares (Ribadesella)"	"Asturias"	"Alea – Linares (Ribadesella), Asturias, España"	"-5.1617793"	"43.44233759999999"
509	"Fechaladrona"	"Asturias"	"Fechaladrona, Asturias, España"	"-5.5646813999999996"	"43.2067568"
523	"Cadavedo"	"Asturias"	"Cadavedo, Asturias, España"	"-6.388265199999999"	"43.5446386"
528	"Grullos"	"Asturias"	"Grullos, Asturias, España"	"-6.0591861"	"43.4361741"
543	"Santa Eulalia de Oscos"	"Asturias"	"Santa Eulalia de Oscos, Asturias, España"	"-7.018259800000001"	"43.2583998"
604	"Burgohondo"	"Avila"	"Burgohondo, Avila, España"	"-4.7859886"	"40.4126337"
607	"El Barco de avila"	"Avila"	"El Barco de avila, Avila, España"	"-5.5236746"	"40.3569063"
609	"Madrigal de las Altas Torres "	"Avila"	"Madrigal de las Altas Torres , Avila, España"	"-4.9980028"	"41.0900993"
614	"Narros del Puerto "	"Avila"	"Narros del Puerto , Avila, España"	"-4.9928972"	"40.5416525"
716	"La Garrovilla"	"Badajoz"	"La Garrovilla, Badajoz, España"	"-6.4781331"	"38.9207094"
723	"Orellana de la Sierra"	"Badajoz"	"Orellana de la Sierra, Badajoz, España"	"-5.4967897"	"39.0309755"
726	"San Francisco de Olivenza"	"Badajoz"	"San Francisco de Olivenza, Badajoz, España"	"-7.105657799999999"	"38.7464317"
728	"Valencia del Ventoso"	"Badajoz"	"Valencia del Ventoso, Badajoz, España"	"-6.4729904"	"38.2659373"
803	"La Serra (La Torre de Claramunt)"	"Barcelona"	"La Serra (La Torre de Claramunt), Barcelona, España"	"1.6504154"	"41.5127548"
922	"Humada"	"Burgos"	"Humada, Burgos, España"	"-4.0839205"	"42.6676872"
924	"La Horra "	"Burgos"	"La Horra , Burgos, España"	"-3.8744391"	"41.7415221"
934	"Pedruzo (Condado de Trevinno)"	"Burgos"	"Pedruzo (Condado de Trevinno), Burgos, España"	"-2.6937272"	"42.7135997"
939	"Quintana de los Prados"	"Burgos"	"Quintana de los Prados, Burgos, España"	"-3.5126652"	"43.076444"
959	"Villaverde-Mogina "	"Burgos"	"Villaverde-Mogina , Burgos, España"	"-4.050271299999999"	"42.1604357"
1012	"Jarandilla de la Vera"	"Caceres"	"Jarandilla de la Vera, Caceres, España"	"-5.708940999999999"	"40.12627"
1014	"Moraleja"	"Caceres"	"Moraleja, Caceres, España"	"-6.6576219"	"40.0703045"
1015	"Navalmoral de la Mata"	"Caceres"	"Navalmoral de la Mata, Caceres, España"	"-5.5329619"	"39.8935644"
1020	"Talavan"	"Caceres"	"Talavan, Caceres, España"	"-6.2820789"	"39.7158444"
1023	"Campo Lugar"	"Caceres"	"Campo Lugar, Caceres, España"	"-5.7734377"	"39.1947059"
1102	"Algar "	"Cádiz"	"Algar , Cádiz, España"	"-5.6546388"	"36.6585879"
1107	"Espera"	"Cadiz"	"Espera, Cadiz, España"	"-5.7932008"	"36.8776293"
1116	"San Jose de Malcocinado"	"Cadiz"	"San Jose de Malcocinado, Cadiz, España"	"-5.867777999999999"	"36.358333"
1121	"Torrecera (Jerez de la Frontera) "	"Cádiz"	"Torrecera (Jerez de la Frontera) , Cádiz, España"	"-5.9429525"	"36.60911189999999"
1205	"Castrillo de Valdelomar (Valderredible)"	"Cantabria"	"Castrillo de Valdelomar (Valderredible), Cantabria, España"	"-4.1237122"	"42.7971986"
1212	"Ledantes (Vega de Liébana)"	"Cantabria"	"Ledantes (Vega de Liébana), Cantabria, España"	"-4.6918715"	"43.069984"
1219	"El Portillo (Solórzano)"	"Cantabria"	"El Portillo (Solórzano), Cantabria, España"	"-4.4410416"	"43.3486682"
1228	"Silio (Molledo)"	"Cantabria"	"Silio (Molledo), Cantabria, España"	"-4.0216571"	"43.1484054"
1232	"Vega de Pas "	"Cantabria"	"Vega de Pas , Cantabria, España"	"-3.7822445"	"43.1577629"
1307	"Jerica"	"Castellon"	"Jerica, Castellon, España"	"-0.5718884"	"39.9117766"
1308	"Lucena del Cid"	"Castellon"	"Lucena del Cid, Castellon, España"	"-0.281068"	"40.13688459999999"
1310	"Puebla de Arenoso"	"Castellon"	"Puebla de Arenoso, Castellon, España"	"-0.5922985"	"40.1043981"
1319	"La Vilavella"	"Castellon"	"La Vilavella, Castellon, España"	"-0.1844892"	"39.8588423"
1401	"Aldea del Rey"	"Ciudad Real"	"Aldea del Rey, Ciudad Real, España"	"-3.8388132"	"38.7380993"
1404	"Argamasilla de Alba"	"Ciudad Real"	"Argamasilla de Alba, Ciudad Real, España"	"-3.0951959000000002"	"39.1264201"
1414	"Malagon"	"Ciudad Real"	"Malagon, Ciudad Real, España"	"-3.853225"	"39.1668064"
1417	"Porzuna"	"Ciudad Real"	"Porzuna, Ciudad Real, España"	"-4.155215399999999"	"39.1468093"
1503	"Aguilar de la Frontera  "	"Córdoba "	"Aguilar de la Frontera  , Córdoba , España"	"-4.6566596"	"37.5138455"
1505	"Cardeña  "	"Córdoba "	"Cardeña  , Córdoba , España"	"-4.3244079"	"38.2700436"
1514	"Santaella"	"Cordoba"	"Santaella, Cordoba, España"	"-4.8429898"	"37.5622053"
1517	"Cañete de las Torres"	"Cordoba"	"Cañete de las Torres, Cordoba, España"	"-4.3192729"	"37.8663547"
1603	"Belmonte"	"Cuenca"	"Belmonte, Cuenca, España"	"-2.7055583"	"39.5579559"
1607	"Cardenete"	"Cuenca"	"Cardenete, Cuenca, España"	"-1.6894332"	"39.7671712"
1634	"Valeria (Las Valeras)"	"Cuenca"	"Valeria (Las Valeras), Cuenca, España"	"-2.1472722"	"39.8124748"
1636	"Villaconejos de Trabaque"	"Cuenca"	"Villaconejos de Trabaque, Cuenca, España"	"-2.319081"	"40.4010803"
1823	"La Calahorra  "	"Granada "	"La Calahorra  , Granada , España"	"-3.0638805"	"37.1814822"
1832	"Puebla de don Fadrique"	"Granada"	"Puebla de don Fadrique, Granada, España"	"-2.4375112"	"37.9598393"
1834	"Tablones (Órgiva)"	"Granada"	"Tablones (Órgiva), Granada, España"	"-3.3987447"	"36.88484710000001"
1838	"Ventorros de San José (Loja) "	"Granada"	"Ventorros de San José (Loja) , Granada, España"	"-4.1507366"	"37.2467356"
1901	"Alboreca (Sigüenza)"	"Guadalajara"	"Alboreca (Sigüenza), Guadalajara, España"	"-2.6033229"	"41.1351186"
1902	"Canredondo"	"Guadalajara"	"Canredondo, Guadalajara, España"	"-2.4944242"	"40.8124281"
1907	"Cubillejos del Sitio (Molina de Aragón)"	"Guadalajara"	"Cubillejos del Sitio (Molina de Aragón), Guadalajara, España"	"-1.8044127"	"40.8909615"
1921	"Yebra"	"Guadalajara"	"Yebra, Guadalajara, España"	"-2.9663075"	"40.3564009"
2001	"Aguinaga (Usurbil)"	"Guipuzcoa"	"Aguinaga (Usurbil), Guipuzcoa, España"	"-2.072594"	"43.2769345"
2004	"Gabiria"	"Guipuzcoa"	"Gabiria, Guipuzcoa, España"	"-2.279352"	"43.0505823"
2005	"Lizarza"	"Guipuzcoa"	"Lizarza, Guipuzcoa, España"	"-2.0340542"	"43.1027875"
2012	"Zarimutz (Ezkoriatza)"	"Guipuzcoa"	"Zarimutz (Ezkoriatza), Guipuzcoa, España"	"-2.5638352"	"43.0036948"
2106	"Chucena  "	"Huelva "	"Chucena  , Huelva , España"	"-6.3937614"	"37.3628939"
2107	"Cortelazor  "	"Huelva "	"Cortelazor  , Huelva , España"	"-6.625235399999999"	"37.93594239999999"
2120	"Villablanca"	"Huelva "	"Villablanca, Huelva , España"	"-7.342878799999999"	"37.3024456"
2122	"Zufre"	"Huelva"	"Zufre, Huelva, España"	"-6.3408868"	"37.8328298"
2206	"Banaston (Aínsa-Sobrarbe)"	"Huesca"	"Banaston (Aínsa-Sobrarbe), Huesca, España"	"0.1672026"	"42.4061618"
2207	"Bandaliés (Lopo)orzan"	"Huesca"	"Bandaliés (Lopo)orzan, Huesca, España"	"-0.2975227"	"42.1633686"
2222	"Oliván (Biescas)"	"Huesca"	"Oliván (Biescas), Huesca, España"	"-0.3020749"	"42.5755307"
2229	"Tramaced "	"Huesca"	"Tramaced , Huesca, España"	"-0.2969354"	"41.97288349999999"
2301	"Arjona"	"Jaen"	"Arjona, Jaen, España"	"-4.0580482"	"37.9364973"
2303	"Cabra del Santo Cristo"	"Jaen"	"Cabra del Santo Cristo, Jaen, España"	"-3.2872875"	"37.703349"
2314	"Los Pascuales (La Puerta de Segura)"	"Jaen"	"Los Pascuales (La Puerta de Segura), Jaen, España"	"-2.8223559"	"38.3835403"
2321	"Santo Tomé"	"Jaen"	"Santo Tomé, Jaen, España"	"-3.1008348"	"38.0270292"
2405	"San Claudio (Ortigueira)"	"La Coruña"	"San Claudio (Ortigueira), La Coruña, España"	"-7.8796154"	"43.65483469999999"
2501	"Ausejo"	"La Rioja"	"Ausejo, La Rioja, España"	"-2.1683571"	"42.3426617"
2506	"Huércanos "	"La Rioja"	"Huércanos , La Rioja, España"	"-2.6954346"	"42.4289375"
2512	"Nestares "	"La Rioja"	"Nestares , La Rioja, España"	"-2.6195475"	"42.2698898"
2515	"Sajazarra"	"La Rioja"	"Sajazarra, La Rioja, España"	"-2.9606844"	"42.58815389999999"
2606	"Cifuentes de Rueda (Gradefes)"	"Leon"	"Cifuentes de Rueda (Gradefes), Leon, España"	"-5.2596289999999994"	"42.6051574"
2614	"Lorenzana (Cuadros)"	"Leon"	"Lorenzana (Cuadros), Leon, España"	"-5.6319946"	"42.668913"
2627	"Santa Colomba de Curueño"	"Leon"	"Santa Colomba de Curueño, Leon, España"	"-5.412609"	"42.7510616"
2637	"Almázcara (Congosto)"	"Leon"	"Almázcara (Congosto), Leon, España"	"-6.5035348"	"42.594276"
2644	"Lucillo"	"Leon"	"Lucillo, Leon, España"	"-6.3033364"	"42.40915469999999"
2650	"Palacios del Sil"	"Leon"	"Palacios del Sil, Leon, España"	"-6.433696299999999"	"42.8759872"
2712	"Torregrossa "	"Lérida"	"Torregrossa , Lérida, España"	"0.8292647"	"41.5803917"
2805	"Líber (Becerreá)"	"Lugo"	"Líber (Becerreá), Lugo, España"	"-7.0943904"	"42.8646553"
2907	"Humanes de Madrid"	"Madrid"	"Humanes de Madrid, Madrid, España"	"-3.8209585"	"40.2596169"
2910	"Manzanares El Real"	"Madrid"	"Manzanares El Real, Madrid, España"	"-3.8646893"	"40.7262858"
2914	"Sieteiglesias (Lozoyuela-Navas-Sieteiglesias)"	"Madrid"	"Sieteiglesias (Lozoyuela-Navas-Sieteiglesias), Madrid, España"	"-3.5847183"	"40.9131585"
2915	"Valdilecha"	"Madrid"	"Valdilecha, Madrid, España"	"-3.3023856"	"40.2937839"
3001	"Antequera"	"Malaga"	"Antequera, Malaga, España"	"-4.5593676"	"37.020001"
3002	"La Atalaya (Villanueva de Algaidas) "	"Málaga "	"La Atalaya (Villanueva de Algaidas) , Málaga , España"	"-4.4537485"	"37.1981812"
3004	"Alora"	"Málaga "	"Alora, Málaga , España"	"-4.707061599999999"	"36.839681"
3009	"Jubrique"	"Málaga "	"Jubrique, Málaga , España"	"-5.215249699999999"	"36.5647361"
4904	"Bunyola"	"Mallorca"	"Bunyola, Mallorca, España"	"2.7002508"	"39.6959651"
4915	"Son Macià (Manacor)"	"Mallorca"	"Son Macià (Manacor), Mallorca, España"	"3.216779"	"39.5133638"
3104	"Campos del Río"	"Murcia"	"Campos del Río, Murcia, España"	"-1.3529523"	"38.0408439"
3106	"Doña Inés (Lorca)"	"Murcia"	"Doña Inés (Lorca), Murcia, España"	"-1.8394533"	"37.926062"
3107	"Fuente del Pino (Jumilla)"	"Murcia"	"Fuente del Pino (Jumilla), Murcia, España"	"-1.2946714"	"38.5417306"
3109	"Lo Ferro (Torre-Pacheco)"	"Murcia"	"Lo Ferro (Torre-Pacheco), Murcia, España"	"-0.9958108"	"37.7999323"
3111	"Palacios Blancos (Lorquí)"	"Murcia"	"Palacios Blancos (Lorquí), Murcia, España"	"-1.2457447"	"38.0948375"
3203	"Azcona (Valle de Yerri)"	"Navarra"	"Azcona (Valle de Yerri), Navarra, España"	"-1.9942665"	"42.7409451"
3209	"Etxauri "	"Navarra"	"Etxauri , Navarra, España"	"-1.7897953"	"42.7943874"
3214	"Leitza "	"Navarra"	"Leitza , Navarra, España"	"-1.9160305"	"43.0848145"
3222	"Miranda de Arga "	"Navarra"	"Miranda de Arga , Navarra, España"	"-1.8263479"	"42.4831153"
3228	"Mélida"	"Navarra"	"Mélida, Navarra, España"	"-1.5462877"	"42.3576247"
3302	"Cádavos (A Mezquita)"	"Orense"	"Cádavos (A Mezquita), Orense, España"	"-7.010198099999999"	"41.977368"
3402	"Astudillo"	"Palencia"	"Astudillo, Palencia, España"	"-4.294762"	"42.1925578"
3412	"Muñeca (Guardo)"	"Palencia"	"Muñeca (Guardo), Palencia, España"	"-4.8016292"	"42.7921709"
3414	"Olmos de Ojeda "	"Palencia"	"Olmos de Ojeda , Palencia, España"	"-4.4252828"	"42.7230533"
3423	"Santervás de la Vega"	"Palencia"	"Santervás de la Vega, Palencia, España"	"-4.798938199999999"	"42.5058483"
3426	"Valle de Cerrato"	"Palencia"	"Valle de Cerrato, Palencia, España"	"-4.3622939"	"41.8797895"
3503	"Galegos (Lalín)"	"Pontevedra"	"Galegos (Lalín), Pontevedra, España"	"-8.1320933"	"42.7638898"
3601	"Alaraz"	"Salamanca"	"Alaraz, Salamanca, España"	"-5.2880368"	"40.7481298"
3610	"Palencia de Negrilla"	"Salamanca"	"Palencia de Negrilla, Salamanca, España"	"-5.6004627"	"41.0941655"
3611	"Peralejos de Abajo"	"Salamanca"	"Peralejos de Abajo, Salamanca, España"	"-6.3618318"	"41.0044326"
3614	"Puebla de Yeltes"	"Salamanca"	"Puebla de Yeltes, Salamanca, España"	"-6.181205299999999"	"40.6260549"
3624	"Agallas"	"Salamanca"	"Agallas, Salamanca, España"	"-6.4416864"	"40.4484605"
3701	"Anaya"	"Segovia"	"Anaya, Segovia, España"	"-4.3102879"	"40.9943147"
3706	"Moraleja de Cuéllar (Olombrada) "	"Segovia"	"Moraleja de Cuéllar (Olombrada) , Segovia, España"	"-4.1955416"	"41.4118687"
3707	"Muñoveros"	"Segovia"	"Muñoveros, Segovia, España"	"-3.9515009"	"41.1724717"
3712	"Santiuste de San Juan Bautista "	"Segovia"	"Santiuste de San Juan Bautista , Segovia, España"	"-4.57147"	"41.1564838"
3801	"Casariche  "	"Sevilla "	"Casariche  , Sevilla , España"	"-4.7626868"	"37.29383170000001"
3806	"Almaden de la Plata"	"Sevilla"	"Almaden de la Plata, Sevilla, España"	"-6.0815246"	"37.8730224"
3809	"Alanís"	"Sevilla "	"Alanís, Sevilla , España"	"-5.7135299"	"38.037553"
3814	"Constantina  "	"Sevilla "	"Constantina  , Sevilla , España"	"-5.6037465"	"37.887709"
3901	"Almajano"	"Soria"	"Almajano, Soria, España"	"-2.3388044"	"41.8506238"
3916	"Tarancueña (Retortillo de Soria)"	"Soria"	"Tarancueña (Retortillo de Soria), Soria, España"	"-3.059811"	"41.3377983"
3923	"Aguaviva de la Vega (Almaluez)"	"Soria"	"Aguaviva de la Vega (Almaluez), Soria, España"	"-2.3819792"	"41.2933061"
3924	"Beraton"	"Soria"	"Beraton, Soria, España"	"-1.8117232"	"41.7171744"
4010	"Tivissa"	"Tarragona"	"Tivissa, Tarragona, España"	"0.7330858"	"41.0408609"
4102	"Alcala de la Selva"	"Teruel"	"Alcala de la Selva, Teruel, España"	"-0.7197269"	"40.3720048"
4108	"Bronchales"	"Teruel"	"Bronchales, Teruel, España"	"-1.5880904"	"40.50883779999999"
4117	"Fuentes Claras"	"Teruel"	"Fuentes Claras, Teruel, España"	"-1.3198112"	"40.8633848"
4128	"Perales de Alfambra"	"Teruel"	"Perales de Alfambra, Teruel, España"	"-1.0017879"	"40.6347987"
4206	"Caleruela"	"Toledo"	"Caleruela, Toledo, España"	"-5.2560383"	"39.874597"
4214	"La Nava de Ricomalillo"	"Toledo"	"La Nava de Ricomalillo, Toledo, España"	"-4.9870491"	"39.6378497"
4218	"Los Navalmorales"	"Toledo"	"Los Navalmorales, Toledo, España"	"-4.641160699999999"	"39.7255072"
4227	"Pulgar"	"Toledo"	"Pulgar, Toledo, España"	"-4.1526561"	"39.69250419999999"
4230	"Tembleque"	"Toledo"	"Tembleque, Toledo, España"	"-3.5041358"	"39.6958069"
4301	"Mas de los Mudos "	"Valencia"	"Mas de los Mudos , Valencia, España"	"-1.2569148"	"40.1112775"
4306	"Benimodo"	"Valencia"	"Benimodo, Valencia, España"	"-0.5246008"	"39.216888"
4310	"Enguera"	"Valencia"	"Enguera, Valencia, España"	"-0.810357"	"38.9640047"
4317	"Mogente / Moixent"	"Valencia"	"Mogente / Moixent, Valencia, España"	"-0.7520927"	"38.8743266"
4318	"Pedralba  "	"Valencia "	"Pedralba  , Valencia , España"	"-0.7259605000000001"	"39.6043817"
4401	"Arrabal del Portillo (Portillo)"	"Valladolid"	"Arrabal del Portillo (Portillo), Valladolid, España"	"-4.5921098"	"41.4735567"
4403	"Casasola de Arion"	"Valladolid"	"Casasola de Arion, Valladolid, España"	"-5.2411512"	"41.5780923"
4407	"Cigales"	"Valladolid"	"Cigales, Valladolid, España"	"-4.698011699999999"	"41.7580541"
4417	"Rabano"	"Valladolid"	"Rabano, Valladolid, España"	"-4.0612416"	"41.5327889"
4419	"Velascalvaro "	"Valladolid"	"Velascalvaro , Valladolid, España"	"-4.9727563"	"41.23017309999999"
4421	"Villalba de la Loma"	"Valladolid"	"Villalba de la Loma, Valladolid, España"	"-5.190790499999999"	"42.17513779999999"
4501	"Aulesti"	"Vizcaya"	"Aulesti, Vizcaya, España"	"-2.5619215"	"43.29725639999999"
4503	"Ermua"	"Vizcaya"	"Ermua, Vizcaya, España"	"-2.5037039"	"43.1873519"
4504	"Errigoiti"	"Vizcaya"	"Errigoiti, Vizcaya, España"	"-2.7249358"	"43.318613"
4506	"Gordexola"	"Vizcaya"	"Gordexola, Vizcaya, España"	"-3.0748899"	"43.179379"
4508	"Lekeitio"	"Vizcaya"	"Lekeitio, Vizcaya, España"	"-2.5074163"	"43.3672101"
4602	"Cotanes del Monte"	"Zamora"	"Cotanes del Monte, Zamora, España"	"-5.291303"	"41.8172572"
4611	"Villalba de Lampreana"	"Zamora"	"Villalba de Lampreana, Zamora, España"	"-5.639222999999999"	"41.7430599"
4613	"Villamor de los Escuderos"	"Zamora"	"Villamor de los Escuderos, Zamora, España"	"-5.5755119"	"41.2520597"
4617	"Mahide"	"Zamora"	"Mahide, Zamora, España"	"-6.3781981"	"41.8694808"
4622	"Trefacio"	"Zamora"	"Trefacio, Zamora, España"	"-6.6517854"	"42.1212845"
4706	"Almonacid de la Cuba"	"Zaragoza"	"Almonacid de la Cuba, Zaragoza, España"	"-0.7922148"	"41.28096559999999"
4714	"Mesones de Isuela"	"Zaragoza"	"Mesones de Isuela, Zaragoza, España"	"-1.5408381"	"41.5528292"
4719	"San Mateo de Gallego"	"Zaragoza"	"San Mateo de Gallego, Zaragoza, España"	"-0.7651650999999999"	"41.8302127"
4720	"Urriés"	"Zaragoza"	"Urriés, Zaragoza, España"	"-1.1298768"	"42.5193411"
5104	"Isora (Valverde)"	"El Hierro"	"Isora (Valverde), El Hierro, España"	"-17.9465172"	"27.7536042"
5214	"Punta Jandía (Jandía)"	"Fuerteventura"	"Punta Jandía (Jandía), Fuerteventura, España"	"-14.5072834"	"28.0657947"
5303	"Barranquillo Andrés (Mogán)"	"Las Palmas de Gran Canaria"	"Barranquillo Andrés (Mogán), Las Palmas de Gran Canaria, España"	"-15.6792849"	"27.8954882"
5506	"El Remo (Los Llanos de Aridane)"	"La Palma"	"El Remo (Los Llanos de Aridane), La Palma, España"	"-17.890044"	"28.5542905"
5605	"La Asomada (Tías)"	"Lanzarote"	"La Asomada (Tías), Lanzarote, España"	"-13.6929756"	"28.9600245"
5735	"San José (San Juan de la Rambla)"	"Tenerife"	"San José (San Juan de la Rambla), Tenerife, España"	"-16.646949"	"28.3785775"
702	"Fuenlabrada de los Montes"	"Badajoz"	"Fuenlabrada de los Montes, Badajoz, España"	"-4.935556"	"39.131667"
4308	"Casas de Sotos (Requena)"	"Valencia"	"Casas de Sotos (Requena), Valencia, España"	"-1.064814"	"39.331667"
5404	"Chipude (Vallehermoso)"	"La Gomera"	"Chipude (Vallehermoso), La Gomera, España"	"-17.264683"	"28.179868"
